{"cameraMode":{"drawMode":0,"name":"Shaded","section":"Shading Mode"},"sceneLighting":true,"audioPlay":false,"sceneViewState":{"m_AlwaysRefresh":false,"showFog":true,"showSkybox":true,"showFlares":true,"showImageEffects":true,"showParticleSystems":true,"showVisualEffectGraphs":true,"m_FxEnabled":true},"in2DMode":false,"pivot":{"x":0.24586957693099976,"y":0.049542997032403949,"z":-0.5911652445793152},"rotation":{"x":0.003449440933763981,"y":0.9939453601837158,"z":-0.10506246238946915,"w":0.0331205353140831},"size":1.2929447889328004,"orthographic":false}